Name,Address,Price
Bavarian Tempat Tidur BROWN WALNUT MORGAN BD 160,Gresik,Rp3.431.000
Bed Laci - Tempat Tidur Minimalis - Tempat Tidur Laci - Divan - Dipan - Sunny Single Renewal Bed - LIVIEN Furniture,Kab. Mojokerto,Rp3.100.000
Ranjang Single Besi SQUARE Orbitrend,Tangerang,Rp909.000
Ranjang Besi Susun Tingkat NEW MARS Orbitrend,Tangerang,Rp2.715.000
Nakas - Lemari Buku - Meja Samping Tempat tidur,Jakarta Timur,Rp198.500
MBB 09 EXPO Ranjang Susun Tingkat Besi,Tangerang,Rp2.395.000
Ranjang Susun Tingkat Besi ANDEZ Orbitrend,Tangerang,Rp2.028.000
EELIC KLP-B01485 Klip pengait papan tempat tidur panas dengan kaca sparepart 3d printer,Surabaya,Rp6.000
Ranjang Lipat Folding Bed Besi POPPY 72x185 cm,Tangerang,Rp1.395.000
Ranjang Besi Success New Mahoni,Tangerang,Rp2.516.000
Ranjang Besi Ukuran 180-200 cm Success NEW AKASIA,Tangerang,Rp2.455.000
Ranjang Susun Besi Success Crysant,Tangerang,Rp2.488.000
BAVARIAN - GRANADA BD160 Divan Tempat tidur set Nakas Kayu Gelap Brown Walnut,Gresik,Rp2.396.000
KHUSUS JNE - Nakas - Lemari Buku - Meja Samping Tempat tidur,Jakarta Timur,Rp198.500
Divan/Foundation dan sandaran/Headboard Oscar Royal Collection 180x200 Harga Pabrik,Semarang,Rp1.850.000
MSB 01 EXPO Ranjang Besi Single,Tangerang,Rp1.248.000
Ranjang Susun Besi JUPITER-PLUTO Orbitrend,Tangerang,Rp1.985.000
Ranjang Besi Tempa New Kuda Success,Tangerang,Rp2.540.000
Ranjang Besi Tempa ANGGREK Success 180-200cm,Tangerang,Rp2.839.000
Ranjang Besi Success New Mahoni 120x200 cm,Tangerang,Rp2.345.000
PROMO - Kamar Set Minimalis ELEANOR Series  SUCITRA,Tangerang,Rp5.260.000
MDB 3124 EXPO Ranjang Besi Minimalis,Tangerang,Rp2.779.000
Kamar Set Graver Seri Agusto,Tangerang,Rp7.770.000
Hakari Tempat Tidur Bayi Baby Box Kayu Tanpa Kelambu - Nia TTBA HK 073 - Khusus Jabodetabek,Jakarta Selatan,Rp1.575.000
Ranjang Tingkat Besi Success Tulip,Tangerang,Rp2.239.000
Ranjang Besi Success NEW AKASIA 120x200 cm,Tangerang,Rp2.039.000
WIN DB EXPO Ranjang Tempat Tidur Kayu,Tangerang,Rp1.200.000
PROMO - Kamar Set Bellamy  Putih-Orange SUCITRA,Tangerang,Rp6.240.000
Kamar Set Minimalis ELEANOR Series SUCITRA -Sudah Termasuk Kasur,Tangerang,Rp6.720.000
Ranjang Susun Besi Ranjang Tingkat Besi RJ500,Tangerang,Rp1.390.000
PROMO - Kamar Set Bellamy  Putih-Pink SUCITRA,Tangerang,Rp6.240.000
Kamar Set Minimalis Graver Seri ANATA,Tangerang,Rp5.255.000
Ranjang Tempat Tidur Besi Minimalis Success New Jupiter 160x200 cm,Tangerang,Rp2.650.000
Ranjang Dipan Tempat Tidur Kayu BDL 160 Hickory Olympic Gold,Tangerang,Rp2.190.000
Ranjang Besi Tempat Tidur Besi Success New Mahoni 180x200 cm,Tangerang,Rp2.590.000
Ranjang Besi Tempat Tidur Besi Tempa New Kuda Success 180x200 cm,Tangerang,Rp2.660.000
Ranjang Besi Tempat Tidur Tempa New Grand SUCCESS 160x200 cm,Tangerang,Rp2.610.000
DB 3205 EXPO Ranjang Kayu Manhattan,Tangerang,Rp2.630.000
MBB 04 EXPO Ranjang Susun Tingkat Besi,Tangerang,Rp2.852.000
DBB 3202 Expo Ranjang Kayu Minimalis,Tangerang,Rp3.370.000
DB 3122 EXPO Ranjang Minimalis Besi Kayu,Tangerang,Rp2.780.000
Kamar Set Minimalis EXPO Mattwood-White,Tangerang,Rp11.277.000
PROMO - TT 8590 Bellamy  Ranjang Minimalis Putih-Pink SUCITRA,Tangerang,Rp1.395.000
PROMO - Kamar Set Bellamy  Warna Oak SUCITRA,Tangerang,Rp6.240.000
PROMO - Kamar Set Bellamy  Putih-Silver SUCITRA,Tangerang,Rp6.240.000
ZBD 160 Zaphier Prodesign Ranjang Kayu,Tangerang,Rp2.795.000
Ranjang Besi Tempat Tidur Besi Success New Mahoni 140x200 cm,Tangerang,Rp2.430.000
Ranjang Besi Tempat TIdur Besi Double Bed MONZA Orbitrend,Tangerang,Rp1.935.000
2in1 Anak Ranjang Sorong Paradise FERRERO Uniland Springbed,Tangerang,Rp2.217.000
2in1 Anak Ranjang Sorong Paradise CANVIO Uniland Springbed,Tangerang,Rp2.259.000
2in1 Sorong Paradise YOONA Hazel Choco Uniland Springbed,Tangerang,Rp2.217.000
2in1 Ranjang Sorong Kids Standard Fantasy Uniland Springbed,Tangerang,Rp2.050.000
2in1 Anak Ranjang Sorong Paradise CARAMEL Uniland Springbed,Tangerang,Rp2.217.000
Divan Sandaran 180-200cm Minimalis Modern Terbaru,Tangerang,Rp1.102.500
Divan Sandaran 160-200cm Minimalis Modern Terbaru,Tangerang,Rp950.000
DB 3206 EXPO Ranjang Kayu Manhattan,Tangerang,Rp2.630.000
MBB 99 EXPO Ranjang Susun Tingkat Besi,Tangerang,Rp2.149.000
RN 2576 Graver Infinity Ranjang Kayu Double Bed,Tangerang,Rp1.869.000
ROBD 160 ProDesign Ranjang Kayu Minimalis,Tangerang,Rp2.650.000
PROMO - TT 8590 Bellamy  Ranjang Minimalis Putih-Orange SUCITRA,Tangerang,Rp1.395.000
Kamar Set GRAVER Seri INFINITY,Tangerang,Rp6.330.000
Ranjang Besi Tempat TIdur Besi Double Bed MONZA Orbitrend,Tangerang,Rp1.935.000
Ranjang Besi Tempat Tidur Besi Ganda SUCCESS ATHENA 160x200 cm,Tangerang,Rp2.759.000
Ranjang Besi Tempat Tidur Tempa New Grand SUCCESS 180x200 cm,Tangerang,Rp2.720.000
Ranjang Tempat Tidur Besi Minimalis Success New Jupiter 180x200 cm,Tangerang,Rp2.820.000
Ranjang Besi Tempa Tempat Tidur Besi New Merak Success 140x200 cm,Tangerang,Rp2.510.000
Ranjang Besi Tempat Tidur Besi Success NEW VENUS 180x200 cm,Tangerang,Rp2.659.000
Ranjang Tempat Tidur Semi Besi Kayu Success Classic 180x200 cm,Tangerang,Rp2.990.000
Kamar Set Hello Kitty Cotton Candy Cinema Keapanel,Tangerang,Rp9.927.500
MBB 06 EXPO Ranjang Susun Tingkat Besi,Tangerang,Rp3.320.000
Ranjang Tingkat Ranjang Susun Kayu Bunk Bed MOROCCO 90 Hitam,Tangerang,Rp1.880.000
TRGD 107-24.16 Jasmin Toppan Ranjang Kayu Minimalis,Tangerang,Rp1.693.500
Ranjang Tingkat Besi Ranjang Susun Besi Bunk Bed Success LAVENDER,Tangerang,Rp2.355.000
DB SAKURA Expo Ranjang Tempat Tidur Kayu Minimalis,Tangerang,Rp2.027.000
Ranjang Besi Tempa Tempat Tidur Besi New Merak Success 160x200 cm,Tangerang,Rp2.540.000
Ranjang Besi Tempat Tidur Single 90 JUPITER Orbitrend,Tangerang,Rp1.160.000
Ranjang Besi Tempat Tidur Besi Ganda SUCCESS ATHENA 180x200 cm,Tangerang,Rp2.899.000
Ranjang Besi Tempat Tidur Besi Sakura Success 180x200 cm,Tangerang,Rp2.659.000
Ranjang Besi Tempa Tempat Tidur Besi New Merak Success 120x200 cm,Tangerang,Rp2.398.000
DBB 3201 Expo Ranjang Kayu Minimalis,Tangerang,Rp2.920.000
2in1 Anak Ranjang Sorong Paradise COSMO Uniland Springbed,Tangerang,Rp2.217.000
Kamar Set Hello Kitty Best Friend Kea Panel,Tangerang,Rp10.485.000
Kamar Set Minimalis Toppan Seri Jasmin,Tangerang,Rp5.323.500
MDB 3125 EXPO Ranjang Besi Minimalis,Tangerang,Rp2.795.000
MSB 3116 EXPO Ranjang Besi Single 90cm,Tangerang,Rp1.368.000
RMVBD 160 Romanov PRODESIGN Ranjang Kayu Laci,Tangerang,Rp6.129.000
PIRA BAVARIAN- WARKING HBD 160 Headboard Tempat Tidur-Dipan,Gresik,Rp599.000
2in1 Sorong Paradise SHARON Hazel Grey Uniland Springbed,Tangerang,Rp2.217.000
2in1 Anak Ranjang Sorong Paradise GREYSON Uniland Springbed,Tangerang,Rp2.217.000
Kamar Set VOLTA Apartemen PRODESIGN,Tangerang,Rp4.029.000
Ranjang Tingkat Ranjang Susun Besi AZTEC Orbitrend,Tangerang,Rp2.345.000
MCCB 140 Prodesign Ranjang Bayi Babybox,Tangerang,Rp3.800.000
2in1 Sorong Paradise SHARON Hazel Grey Uniland Springbed,Tangerang,Rp2.217.000
2in1 Anak Ranjang Sorong Paradise GREYSON Uniland Springbed,Tangerang,Rp2.217.000
TRGD 106-23.16 Jalusia Toppan Ranjang Kayu Minimalis,Tangerang,Rp1.693.500
Ranjang Besi Tempat Tidur Besi Success NEW VENUS 160x200 cm,Tangerang,Rp2.550.000
PIRA BAVARIAN - WARKING HBD 120 Headboard Tempat Tidur Dipan,Gresik,Rp499.000
Ranjang Besi Tempa Tempat Tidur Besi New Merak Success 180x200 cm,Tangerang,Rp2.660.000
Ranjang Tempat Tidur Besi Tempa ANGGREK Success 160x200cm,Tangerang,Rp2.730.000
Ranjang Besi Tempat Tidur Besi 120 REVO Orbitrend,Tangerang,Rp1.235.000
Ranjang Besi Tempat Tidur Besi Single - Sorong Lavender Success,Tangerang,Rp1.589.000
Ranjang Besi Single Tempat Tidur Besi Medium Vicenza Orbitrend,Tangerang,Rp1.525.000
Ranjang Medium Tempat Tidur Besi Success NEW AKASIA 140x200 cm,Tangerang,Rp2.165.000
RN 2176 CL VIRAL Graver Ranjang Kayu Divan Tempat Tidur,Tangerang,Rp2.529.000
2in1 Sorong Paradise SHARON Hazel Caramel Uniland Springbed,Tangerang,Rp2.217.000
2in1 Ranjang Sorong Kids Standard Lovina Uniland Springbed,Tangerang,Rp2.102.000
M SB 06 EXPO Ranjang Besi Single,Tangerang,Rp1.360.000
Kamar Set Anak DORAEMON Toppan,Tangerang,Rp4.050.000
Kamar Set Minimalis PRO DESIGN Seri Panama,Tangerang,Rp16.289.000
Kamar Set Minimalis Putih Sucitra Moonlux 160,Tangerang,Rp6.590.000
DB 1614 EXPO Ranjang Kayu Minimalis Mattwood White,Tangerang,Rp3.128.000
ALBD 180 Alabama PRODESIGN Ranjang Kayu,Tangerang,Rp5.378.000
PIRA BAVARIAN - MORGAN BD 120 Divan - Tempat Tidur,Gresik,Rp2.641.000
Ranjang Anak Doraemon Toppan RAD 48-53.120,Tangerang,Rp1.340.000
Ranjang Tingkat Ranjang Susun Kayu Bunk Bed MOROCCO 90 Putih,Tangerang,Rp2.090.000
ROBD 120 Prodesign Ranjang Medium,Tangerang,Rp2.016.000
MSB 06 EXPO Ranjang Besi Single 90,Tangerang,Rp1.431.000
Ranjang Dipan Tempat Tidur Kayu BDL 180 Lignum Olympic Gold,Tangerang,Rp3.390.000
Ranjang Dipan Tempat Tidur Kayu BDL 160 Lignum Olympic Gold,Tangerang,Rp3.090.000
Ranjang Dipan Tempat Tidur Kayu BDL 180 Hickory Olympic Gold,Tangerang,Rp2.390.000
Ranjang Double Tempat Tidur Besi Success NEW AKASIA 160x200 cm,Tangerang,Rp2.350.000
Ranjang Susun Ranjang Tingkat Kayu Bunk Bed MOROCCO 120/90 Hitam,Tangerang,Rp2.290.000
RN 2676 ANATA Graver Ranjang Kayu Queen Size Minimalis,Tangerang,Rp1.580.000
2in1 Ranjang Sorong Kids Standard Donut Uniland Springbed,Tangerang,Rp2.102.000
2in1 Sorong Paradise YOONA Hazel Blue Uniland Springbed,Tangerang,Rp2.217.000
PROMO - TT 8590 Bellamy  Ranjang Minimalis Putih-Silver SUCITRA,Tangerang,Rp1.395.000
Dipan tempat tidur jati ukir ranjang mebel furniture Jepara,Jepara,Rp2.700.000
Tempat Tidur Tingkat kayu Jati Dipan Minimalis Anak Furniture Mebel Ukir Jepara,Jepara,Rp5.900.000
Tempat Tidur Dipan Minimalis Furniture Jati Mebel Ukir Jepara,Jepara,Rp3.700.000
Dipan tempat tidur ranjang mewah kayu jati furniture Jepara,Jepara,Rp6.500.000
Tempat tidur Dipan tingkat anak minimalis kayu jati mebel jepara,Jepara,Rp6.200.000
Tempat Tidur Tingkat kayu Jati Dipan Minimalis Furniture Mebel Ukir Jepara,Jepara,Rp6.300.000
Dipan jati tempat tidur ukir mebel murah Jepara pusat furniture,Jepara,Rp3.000.000
Dipan ukir jati tempat tidur ranjang mebel mewah Jepara,Jepara,Rp3.700.000
kamar set jati tempat tidur meja rias cermin nakas mebel Jepara,Jepara,Rp9.000.000
Dipan tingkat tempat tidur anak meja belajar jati jepara,Jepara,Rp6.500.000
Tempat tidur anak minimalis laci furniture mewah Jepara,Jepara,Rp6.500.000
Tempat Tidur Tingkat kayu Jati Dipan Minimalis Mebel Ukir Jepara Furniture,Jepara,Rp9.500.000
Tempat tidur minimalis untuk anak cat duco,Jepara,Rp4.900.000
dipan susun tempat tidur anak tingkat duco laci  2 bade,Jepara,Rp7.800.000
dipan tempat tidur tingkat  jati,Jepara,Rp5.100.000
dipan tempat tidur tingkat minimalis,Jepara,Rp3.500.000
dipan susun tempat tidur anak tingkat duco minimalis 03,Jepara,Rp7.800.000
dipan susun tempat tidur anak tingkat duco laci tingkat,Jepara,Rp6.500.000
Tempat Tidur Minimalis Jati Mebel Jepara - Dipan Lesehan Jati,Jepara,Rp3.937.500
dipan tempat tidur jati laci,Jepara,Rp5.000.000
tempat tidur dipan minimalis jati,Jepara,Rp3.000.000
dipan tempat tidur mewah ukir jati skjf,Jepara,Rp5.000.000
dipan tempat tidur ukir ranjang tidur jati minimalis,Jepara,Rp3.000.000
dipan susun tempat tidur anak tingkat duco minimalis 02,Jepara,Rp8.000.000
